Feature,Test,Statistic,p_value,Mean_No,Mean_Yes,Mean_Difference,Cohens_d,Effect_Size,Significance,Direction
age,Mann-Whitney U,86626886.5,0.01608053832750354,39.911185290576775,40.91314655172414,1.0019612611473647,0.09618926372791006,Negligible,Significant,Higher in y=yes
campaign,Mann-Whitney U,94153911.5,3.4185266318612675e-38,2.6330852577432418,2.0517241379310347,-0.5813611198122071,-0.21033768816299525,Small,Significant,Higher in y=no
pdays_clean,Mann-Whitney U,271910.0,0.3845653552920921,6.193430656934306,5.913133402275077,-0.28029725465922883,-0.0733034061662243,Negligible,Not Significant,Higher in y=no
previous,Mann-Whitney U,66257901.5,0.0,0.13237386450694977,0.49267241379310345,0.3602985492861537,0.7481006286078523,Medium,Significant,Higher in y=yes
emp.var.rate,Mann-Whitney U,121548923.0,0.0,0.24887545146109225,-1.2334482758620686,-1.4823237273231609,-0.9885857857660123,Large,Significant,Higher in y=no
cons.price.idx,Welch's t-test,24.082466989605873,6.916521411453795e-122,93.60375705920981,93.35438599137932,-0.249371067830495,-0.4348594423485808,Small,Significant,Higher in y=no
cons.conf.idx,Welch's t-test,-8.636457755508305,7.588202230494858e-18,-40.59309674948013,-39.78978448275862,0.8033122667215125,0.17382896910461704,Negligible,Significant,Higher in y=yes
euribor3m,Mann-Whitney U,126080978.5,0.0,3.8114911623071035,2.123135129310344,-1.6883560329967593,-1.02307374703634,Large,Significant,Higher in y=no
nr.employed,Mann-Whitney U,127016916.0,0.0,5176.166600087556,5095.115991379309,-81.05060870824673,-1.19976931971735,Large,Significant,Higher in y=no
